Photo (key),name
robinson.jpg,Maryann Robinson
manning.png,Tom Manning
GarySmith.jpg,Gary Smith
sprosty.jpg,Don & Doug Sprosty
DougMcCart.webp,Doug McCart
BarryPeck.jpg,Barry Peck
CarlaPeck.jpg,Carla Peck
JCM.jpg,JCM Lines
Schneiders.jpg,Ed & Pat Schneiders
ConnieGraham.jpg,Connie Graham
AmySwift.jpg,Amy Swift
KenardSwift.jpg,Kenard Swift
hogan.jpg,Mike Hogan
BryanBush.jpg,Bryan Bush
JimWilliams.jpg,Jim Williams
jack_o_leary.jpg,Jack Oâ€™Leary
Dan-Sahlstrom.jpg,Dan Sahlstrom
ChuckVeldhuizen.jpg,Chuck Veldhuizen
chris_wildhagen.jpg,Chris Wildhagen
Waterhouse.jpeg,Lyle Waterhouse
